"序号","公式ID","输入A_ID","输入A","输入B_ID","输入B","产物ID","产物","额外解锁ID","额外解锁","联系类型","类型ID","中文解释","英文解释","修改意见","收集前提ID","收集前提","审阅状态"
"1","yin-yang-taiji","yin","阴","yang","阳","taiji","太极","metal, wood, water, fire, earth, air, light","金、木、水、火、土、空气、光","文化意象","image","阴阳相遇，点亮太极图，开放金木水火土五行，以及空气与光两项基础介质。这是游戏开篇的文化意象。","Meet yin and yang to reveal taiji. Open the five phases plus air and light as basic media: a cultural opening for this game.","","","","已确认"
"2","wood-earth-plant","wood","木","earth","土","plant","植株","","","简化造物","making","以木本植物枝条在适宜基质中生根为线索，省略栽培条件。","Woody cuttings root in a suitable growing medium; cultivation conditions are compressed.","","","","已确认"
"3","earth-fire-metal","earth","土","fire","火","magma","岩浆","","","简化造物","making","以地下岩石受热熔融为线索，土代表岩石材料。","Earth stands for rock heated until it melts beneath the surface.","","","","已确认"
"4","water-fire-steam","water","水","fire","火","steam","蒸汽","","","简化造物","making","加热让水汽化。这里用两个元素概括过程。","Heating vaporises water; two elements summarise the process.","","","","已确认"
"5","steam-yin-cloud","steam","蒸汽","yin","阴","cloud","云","","","文化意象","image","用阴的凉意联想到水汽冷凝，以云作为新的意象。","The cool image of yin suggests condensation and the image of a cloud.","","","","已确认"
"6","cloud-water-rain","cloud","云","water","水","rain","雨","","","简化造物","making","云中的水滴增长，形成降水的线索。","Growing droplets in a cloud suggest precipitation.","","","","已确认"
"7","rain-earth-river","rain","雨","earth","土","river","河流","","","简化造物","making","降水沿地表汇流，形成共同的河道。","Rainwater gathers across the ground into a shared river course.","","","","已确认"
"8","earth-earth-stone","earth","土","earth","土","stone","石","","","文化意象","image","将土的凝聚意象进一步放大，发现石。","Extend earth’s image of consolidation to discover stone.","","","","已确认"
"9","stone-water-sand","stone","石","water","水","sand","沙","","","简化造物","making","水参与风化与搬运，岩石逐渐成为细小颗粒。","Water participates in weathering and transport, producing smaller grains.","","","","已确认"
"10","earth-river-clay","earth","土","river","河流","clay","黏土","","","文化意象","image","从河岸细腻的泥土，联想到可塑的黏土材料。","Fine riverbank earth suggests workable clay.","","","","已确认"
"11","clay-fire-pottery","clay","黏土","fire","火","pottery","陶器","","","简化造物","making","黏土成形后经烧制，得到陶器；配方省略具体工序。","Shaped clay is fired into pottery; the recipe compresses the stages.","","","","已确认"
"12","sand-fire-glass","sand","沙","fire","火","glass","玻璃","","","简化造物","making","含硅原料在高温下熔融并冷却，联想到玻璃；实际配料更复杂。","High-temperature processing of silica-bearing material suggests glass; real batches are more complex.","","","","已确认"
"13","plant-plant-seed","plant","植株","plant","植株","seed","种子","","","简化造物","making","以开花植物授粉、结籽的过程为线索，省略具体繁殖条件。","A compressed image of flowering plants pollinating and setting seed.","","","","已确认"
"14","seed-earth-plant","seed","种子","earth","土","plant","植株","","","简化造物","making","种子在适宜条件下萌发；土代表这里的生长环境。","A seed germinates under suitable conditions; earth represents its environment here.","","","","已确认"
"15","plant-book-herb","plant","植株","book","书","herb","药草","","","文化意象","image","通过本草记录识别具有药用传统的植物，打开本草文化分支。","Use materia medica records to recognise plants with medicinal traditions.","","","","已确认"
"16","seed-water-grain","seed","种子","water","水","grain","谷物","","","简化造物","making","把水分与其他生长条件压缩为一条从种子到收获的路线。","A compressed route from seed to harvest, with water standing for growing conditions.","","","","已确认"
"17","wood-water-paper","wood","木","water","水","moss","苔藓","","","简化造物","making","湿润的树皮为苔藓生长提供基质；这是一种环境联系。","Damp bark provides a surface on which moss can grow.","","","","已确认"
"18","wood-fire-ink","wood","木","fire","火","charcoal","木炭","","","简化造物","making","木材在限氧条件下受热形成木炭；这里省略制炭窑与空气条件。","Wood heated with limited oxygen forms charcoal; kiln and air conditions are implicit.","","","","已确认"
"19","paper-ink-book","paper","纸","ink","墨","book","书","","","简化造物","making","纸提供载体，墨记录文字，编排成书后知识可以传递。","Paper carries inked writing; arranging it into a book makes knowledge shareable.","","","","已确认"
"20","metal-stone-needle","metal","金","stone","石","tools","工具","","","简化造物","making","以石面锻打、打磨金属，形成可操作材料的工具。","Hammering and grinding metal against stone suggest tools for shaping materials.","","","","已确认"
"21","herb-pottery-decoction","herb","药草","pottery","陶器","decoction","药汤","","","文化意象","image","以药材与煎药器皿联想到药汤，省略水与加热条件。","Medicinal plants and a preparation vessel suggest decoction; water and heating are implicit.","","","","已确认"
"22","herb-fire-moxa","mugwort","艾草","fire","火","moxa","艾灸","","","文化意象","image","以艾草制绒及燃烧的传统操作为线索，记录艾灸的文化意象。","A cultural image of moxibustion, involving processed mugwort and burning moxa.","","","","用户修订"
"23","wood-metal-wheel","wood","木","metal","金","wheel","轮","","","简化造物","making","木与金属经结构设计，成为可以承载与转动的轮。","Wood and metal, structurally arranged, become a load-bearing rotating wheel.","","","","已确认"
"24","wheel-metal-gear","wheel","轮","metal","金","gear","齿轮","","","简化造物","making","轮缘获得相互配合的齿形，成为可以啮合的部件。","A wheel gains matching teeth and becomes a component that can mesh.","","","","已确认"
"25","gear-gear-machine","gear","齿轮","gear","齿轮","machine","机械","","","系统联系","system","两个齿轮啮合，运动得以传递。新功能来自部件间的联系。","Two gears mesh and transmit motion. The new function arises from their connection.","","","","已确认"
"26","machine-steam-engine","machine","机械","steam","蒸汽","engine","动力机","","","系统联系","system","以蒸汽驱动机构为线索，让能量通过组织起来的部件转为运动。","Steam driving a mechanism suggests energy becoming motion through organised parts.","","","","已确认"
"27","engine-metal-electricity","engine","动力机","metal","金","electricity","电","","","系统联系","system","从动力、导体与发电装置的联系联想到电；省略磁场等条件。","Power, conductors and a generator suggest electricity; fields and other conditions are implicit.","","","","已确认"
"28","metal-electricity-sensor","metal","金","electricity","电","sensor","传感器","","","系统联系","system","材料与电路按感知任务组织起来，联想到传感器。","Materials and circuits arranged for a sensing task suggest a sensor.","","","","已确认"
"29","sensor-electricity-signal","sensor","传感器","electricity","电","signal","信号","","","系统联系","system","传感器在供电与转换条件下，将变化表达为信号。","A powered sensor converts change into a signal.","","","","已确认"
"30","signal-signal-network","signal","信号","signal","信号","network","网络","","","系统联系","system","为信号建立连接与通信结构，发现网络。","Give signals a structure for connection and communication to discover a network.","","","","已确认"
"31","network-sensor-feedback","network","网络","sensor","传感器","feedback","反馈","","","系统联系","system","将感知结果接回过程，闭合的信息回路形成反馈。","Return sensed information to the process; the closed information loop forms feedback.","","","","已确认"
"32","signal-clock-rhythm","signal","信号","clock","时钟","rhythm","节律","","","系统联系","system","将信号放到时间尺度中，辨认重复的节律。","Place a signal on a time scale to recognise repeating rhythm.","","","","已确认"
"33","gear-wheel-clock","gear","齿轮","wheel","轮","clock","时钟","","","系统联系","system","把齿轮、指针轮系与调速结构组织为钟表机构，省略具体零件。","Arrange gears, hands and a regulating structure as a clock; individual parts are implicit.","","","","已确认"
"34","feedback-rhythm-balance","feedback","反馈","rhythm","节律","balance","动态平衡","","","系统联系","system","反馈参与周期变化中的调整，用动态平衡表达相对稳定。","Feedback adjusts a changing process; dynamic balance represents relative stability.","","","","已确认"
"35","machine-feedback-system","machine","机械","feedback","反馈","system","系统","","","系统联系","system","让机构与返回的输出发生联系，形成一个有回路的整体。","Connect a mechanism with its returning output to form a whole with a loop.","","","","已确认"
"36","water-steam-cloud","water","水","steam","蒸汽","cloud","云","","","简化造物","making","水汽与较冷的水环境相遇，联想到冷凝成云的条件。","Vapour meeting cooler water suggests conditions for condensation.","","","","已确认"
"37","plant-water-grain","plant","植株","water","水","grain","谷物","","","简化造物","making","已经长出的植株在适宜供水等条件下，走向成熟与收获。","A growing crop, with suitable water and other conditions, moves towards harvest.","","","","已确认"
"38","gear-electricity-engine","gear","齿轮","electricity","电","engine","动力机","","","系统联系","system","用电驱动组织起来的机构，联想到另一条动力机路线。","Electric power driving an organised mechanism suggests another route to an engine.","","","","已确认"
"39","sensor-clock-signal","sensor","传感器","clock","时钟","signal","信号","","","系统联系","system","按时间采样感知结果，使变化成为一串可处理的信号。","Sampling sensed changes over time gives a sequence of usable signals.","","","","已确认"
"40","air-fire-wind","air","空气","fire","火","wind","风","","","简化造物","making","空气受热不均形成压强差，带来流动；这里省略具体天气条件。","Uneven heating creates pressure differences and moving air; weather conditions are compressed.","","","","已确认"
"41","water-yin-ice","water","水","yin","阴","ice","冰","","","文化意象","image","以阴的凉意代表冷却条件，水在适宜温度下凝固成冰。","The cool image of yin stands for cooling water until it freezes.","","","","已确认"
"42","cloud-ice-snow","cloud","云","ice","冰","snow","雪","","","简化造物","making","云中冰晶在适宜条件下生长并降落，形成雪。","Ice crystals grow and fall from clouds under suitable conditions, forming snow.","","","","已确认"
"43","rain-light-rainbow","rain","雨","light","光","rainbow","虹","","","简化造物","making","光在水滴中折射、反射并分散，在适宜几何条件下形成虹。","Light refracts, reflects and disperses in water droplets, making a rainbow at suitable angles.","","","","已确认"
"44","earth-forest-soil","earth","土","forest","林","soil","腐殖土","","","简化造物","making","植物残体分解后与矿物颗粒相混，增添土壤中的有机质。","Decomposed plant remains mix with mineral particles, adding organic matter to soil.","","","","已确认"
"45","plant-earth-root","plant","植株","earth","土","root","根","","","简化造物","making","以植物在土中生根为线索，发现吸收与固定的结构。","A plant taking root in soil reveals a structure for uptake and anchoring.","","","","已确认"
"46","plant-light-flower","plant","植株","light","光","flower","花","","","简化造物","making","光周期等条件参与开花调控；本路线选取开花植物。","Photoperiod and other conditions participate in flowering; this route refers to flowering plants.","","","","已确认"
"47","flower-plant-fruit","flower","花","plant","植株","fruit","果","","","简化造物","making","被子植物开花、授粉后发育成果实，路线省略具体条件。","Flowering plants develop fruit after flowering and pollination; detailed conditions are implicit.","","","","已确认"
"48","wood-wood-forest","wood","木","wood","木","forest","林","","","文化意象","image","多株树木形成林的集合意象；森林还包含土壤、生物及环境联系。","Many trees suggest a forest, which also includes soil, organisms and environmental relationships.","","","","已确认"
"49","wood-pottery-charcoal","wood","木","pottery","陶器","flowerpot","花盆","","","简化造物","making","木本植物与陶制容器组合，成为盆栽的容器意象。","A woody plant and a ceramic container suggest a pot for cultivation.","","","","已确认"
"50","plant-fire-ash","plant","植株","fire","火","ash","草木灰","","","简化造物","making","植物材料燃烧后留下无机灰分，得到草木灰。","Burning plant material leaves inorganic mineral ash.","","","","已确认"
"51","clay-stone-brick","clay","黏土","stone","石","brick","砖","","","简化造物","making","黏土与适宜矿物骨料成形、烧制为砖，配方压缩成形与烧成工序。","Clay with suitable mineral aggregate is shaped and fired into brick; processing is compressed.","","","","已确认"
"52","stone-fire-cement","stone","石","fire","火","liuli","琉璃","","","简化造物","making","矿物原料经高温熔制形成琉璃，省略配料与冷却工序。","Mineral ingredients are melted at high temperature into decorative glass; mixing and cooling are implicit.","","","","已确认"
"53","cement-sand-concrete","cement","水泥","sand","沙","concrete","混凝土","","","简化造物","making","水泥与砂、粗骨料、水拌合后硬化；此处用两项概括复合材料。","Cement, sand, coarse aggregate and water harden into concrete; two items stand for the composite process.","","","","已确认"
"54","brick-clay-wall","brick","砖","clay","黏土","wall","墙","","","简化造物","making","以砖和泥质砌筑材料组织成墙为线索，结构来自排列与连接。","Bricks with an earthen bonding material suggest a wall built through arrangement and connection.","","","","已确认"
"55","wall-wood-house","wall","墙","wood","木","house","屋","","","简化造物","making","墙体与木构屋顶等构件组织成房屋，省略其他构件。","Walls and wooden roof members are organised into a house; other parts are implicit.","","","","已确认"
"56","wood-river-bridge","wood","木","river","河流","bridge","桥","","","简化造物","making","木构件跨越水道，经支承与连接形成桥的功能。","Wooden members arranged across a waterway gain a bridge’s function through support and connection.","","","","已确认"
"57","plant-stone-fiber","plant","植株","stone","石","bonsai","盆景","","","简化造物","making","将植株与山石组织于盆中，形成缩景艺术。","Plants and stones arranged in a tray become a miniature landscape.","","","","已确认"
"58","fiber-wheel-thread","fiber","纤维","wheel","轮","thread","线","","","简化造物","making","纤维经纺轮加捻，组织为连续的纱线。","Fibres twisted with a spinning wheel become continuous thread.","","","","已确认"
"59","thread-thread-cloth","thread","线","thread","线","cloth","布","","","简化造物","making","经纬纱线按结构交织，形成可以使用的织物。","Warp and weft threads interlace in an organised structure to make cloth.","","","","已确认"
"60","cloth-wind-sail","cloth","布","wind","风","sail","帆","","","简化造物","making","布被裁制、支撑为帆，借风产生推进作用。","Cloth shaped and supported as a sail catches wind to provide propulsion.","","","","已确认"
"61","wood-sail-boat","wood","木","sail","帆","boat","帆船","","","简化造物","making","木制船体与帆装配，借浮力、风与结构形成航行功能。","A wooden hull and sail combine buoyancy, wind and structure to enable sailing.","","","","已确认"
"62","metal-earth-magnet","metal","金","earth","土","magnet","磁石","","","简化造物","making","从含铁矿物中发现具有磁性的天然磁石，不表示所有金属都有磁性。","Iron-bearing minerals include naturally magnetic lodestone; this does not imply all metals are magnetic.","","","","已确认"
"63","magnet-needle-compass","magnet","磁石","needle","针具","compass","罗盘","","","简化造物","making","磁化的针与支承结构结合，可指示磁场方向；这里省略支承。","A magnetised needle on a suitable support indicates magnetic field direction; the support is implicit.","","","","已确认"
"64","magnet-electricity-motor","magnet","磁石","electricity","电","motor","电动机","","","系统联系","system","磁场、线圈与电流相互作用，按结构组织后产生转动。","Fields, coils and current interact in an organised structure to produce rotation.","","","","已确认"
"65","magnet-engine-generator","magnet","磁石","engine","动力机","generator","发电机","","","系统联系","system","动力使导体与磁场产生相对运动，联想到发电装置。","Mechanical power moves a conductor relative to a magnetic field, suggesting a generator.","","","","已确认"
"66","wheel-steam-turbine","wheel","轮","steam","蒸汽","turbine","汽轮机","","","系统联系","system","蒸汽推动叶轮，把流体的能量转为旋转运动。","Steam drives a bladed rotor, turning fluid energy into rotation.","","","","已确认"
"67","machine-water-pump","machine","机械","water","水","pump","水泵","","","系统联系","system","有动力与合适结构的机构搬运水，形成泵的功能。","A powered mechanism with suitable structure moves water, acquiring a pump’s function.","","","","已确认"
"68","metal-pottery-pipe","metal","金","pottery","陶器","enamel","珐琅","","","简化造物","making","陶瓷釉料与金属胎结合，经烧制得到珐琅表面。","A vitreous ceramic coating is fused onto a metal base to form enamel.","","","","已确认"
"69","pipe-gear-valve","pipe","管","gear","齿轮","valve","阀","","","系统联系","system","在管道中加入可调机构，控制通道的开度与流量。","An adjustable mechanism in a pipe controls its opening and flow.","","","","已确认"
"70","metal-signal-circuit","metal","金","signal","信号","circuit","电路","","","系统联系","system","导体与元件按拓扑连接，为信号建立可运行的电路。","Conductors and components arranged in a topology give signals a functioning circuit.","","","","已确认"
"71","metal-water-battery","metal","金","water","水","mercury","汞","","","文化意象","image","金属与水的流动外形相联系，作为液态金属汞的文化造物意象；不表示由水制取汞。","Metal and the flowing form of water suggest mercury as a liquid metal; the recipe does not describe producing mercury from water.","","","","用户修订"
"72","circuit-charcoal-resistor","circuit","电路","charcoal","木炭","resistor","电阻","","","系统联系","system","碳材料在合适结构中可以制成电阻元件，不是任意木炭皆可直接使用。","Carbon materials in suitable structures can form resistors; ordinary charcoal is not a ready-made component.","","","","已确认"
"73","circuit-gear-switch","circuit","电路","gear","齿轮","switch","开关","","","系统联系","system","机械结构控制电路的接通与断开，形成开关。","A mechanical structure opens or closes a circuit to form a switch.","","","","已确认"
"74","glass-electricity-lamp","glass","玻璃","electricity","电","lamp","灯","","","系统联系","system","玻璃灯罩与电光源等部件组织为灯，省略具体发光材料。","A glass enclosure and an electric light source are arranged as a lamp; emitting materials are implicit.","","","","已确认"
"75","glass-light-lens","glass","玻璃","light","光","lens","透镜","","","简化造物","making","玻璃加工成适宜曲面，改变光路，形成透镜。","Glass shaped with suitable curved surfaces redirects light to form a lens.","","","","已确认"
"76","lens-lens-microscope","lens","透镜","lens","透镜","microscope","显微镜","","","系统联系","system","物镜与目镜等光学部件按距离和光路组织，形成复合显微镜。","Objective and eyepiece lenses arranged along an optical path form a compound microscope.","","","","已确认"
"77","glass-rainbow-prism","glass","玻璃","rainbow","虹","prism","棱镜","","","简化造物","making","将玻璃加工为棱柱，利用色散把光分开；虹提供观察线索。","Glass shaped as a prism disperses light; the rainbow suggests the optical effect.","","","","已确认"
"78","light-circuit-solar","light","光","circuit","电路","solar","太阳能电池","","","系统联系","system","具有光伏效应的半导体与电路组织成太阳能电池，材料条件在此省略。","Photovoltaic semiconductors connected to a circuit form a solar cell; material conditions are implicit.","","","","已确认"
"79","glass-signal-screen","glass","玻璃","signal","信号","screen","显示屏","","","系统联系","system","显示材料、玻璃基板与驱动信号共同构成显示装置。","Display materials, a glass substrate and driving signals form a display.","","","","已确认"
"80","circuit-book-computer","circuit","电路","book","书","computer","计算机","","","系统联系","system","电路按计算结构组织，执行存储的指令；书在此代表指令记录。","Computationally organised circuits execute stored instructions; the book represents instruction records.","","","","已确认"
"81","book-signal-code","book","书","signal","信号","code","编码","","","系统联系","system","为记录与信号建立对应规则，形成可传递的编码。","A defined mapping between records and signals creates communicable code.","","","","已确认"
"82","code-book-algorithm","code","编码","book","书","algorithm","算法","","","系统联系","system","把有序、明确的操作步骤写成可执行的表示，形成算法的游戏意象。","Represent ordered, explicit steps in executable form: the game’s image of an algorithm.","","","","已确认"
"83","system-book-model","system","系统","book","书","model","模型","","","系统联系","system","记录系统的结构、变量与关系，建立针对问题的模型。","Record a system’s structure, variables and relationships to build a model for a question.","","","","已确认"
"84","model-computer-simulation","model","模型","computer","计算机","simulation","仿真","","","系统联系","system","让模型在计算机中按规则运行，观察设定条件下的变化。","Run a model by defined rules on a computer to observe change under specified conditions.","","","","已确认"
"85","feedback-computer-control","feedback","反馈","computer","计算机","machine-learning","机器学习","","","系统联系","system","计算机利用反馈调整学习过程，形成机器学习的简化联系。并非所有反馈计算都是机器学习。","A computer uses feedback to adjust a learning process, a simplified connection to machine learning; not every feedback computation is machine learning.","","","","用户修订"
"86","control-machine-automation","machine-learning","机器学习","machine","机械","automation","自动化","","","系统联系","system","学习得到的规则与机械执行机构相联系，让任务根据已学到的模式自动运行。","Learned rules are linked to mechanical actuators so a task can run automatically using learned patterns.","","","","用户修订"
"87","automation-sensor-robot","automation","自动化","sensor","传感器","robot","机器人","","","系统联系","system","感知、控制与执行机构组织在一起，形成机器人的简化结构。","Sensing, control and actuation are organised into a simplified robotic structure.","","","","已确认"
"88","signal-paper-data","signal","信号","paper","纸","data","数据","","","系统联系","system","把信号按规则记录，形成可回看的数据。","Record signals by defined rules to create data that can be revisited.","","","","已确认"
"89","data-ink-chart","data","数据","ink","墨","chart","图表","","","系统联系","system","把数据映射为图形，让关系与变化更容易被阅读。","Map data into visual forms so relationships and changes become readable.","","","","已确认"
"90","book-book-library","book","书","book","书","library","图书馆","","","简化造物","making","书籍经过收集、分类与编目，形成可以检索的书库。","Books collected, classified and catalogued form a searchable library.","","","","已确认"
"91","clock-book-calendar","clock","时钟","book","书","calendar","历法","","","简化造物","making","记录并组织时间周期，形成便于查阅的历。","Record and organise cycles of time into a calendar.","","","","已确认"
"92","calendar-rhythm-season","calendar","历法","rhythm","节律","season","四时","","","简化造物","making","在历法中记录年周期的物候变化，以春夏秋冬表达四时。","Record annual phenological rhythms in a calendar as spring, summer, autumn and winter.","","","","已确认"
"93","house-glass-greenhouse","house","屋","glass","玻璃","greenhouse","温室","","","系统联系","system","透光围护与建筑结构相连，形成可调节栽培环境的温室。","A light-transmitting enclosure and building structure form a greenhouse for managing growing conditions.","","","","已确认"
"94","stone-stone-mortar","stone","石","stone","石","mortar","药臼","","","简化造物","making","凹石与杵配合，材料经过形制加工成为研磨工具。","A hollowed stone and pestle, shaped to work together, become a grinding tool.","","","","已确认"
"95","mortar-herb-powder","mortar","药臼","herb","药草","powder","药粉","","","简化造物","making","合适药材经过研磨成为粉末，只展示加工形式，不提供用药建议。","Suitable herbal material is ground into powder; this shows a processing form, not prescribing advice.","","","","已确认"
"96","herb-book-herbalbook","herb","药草","book","书","herbalbook","本草纲目","","","文化意象","image","以药草观察与书籍编纂联系《本草纲目》，这里只作文化致意，不模拟该书内容。","A cultural tribute connecting herbal observation and compilation with the Compendium of Materia Medica, without simulating its contents.","","","","已确认"
"97","light-stone-sundial","light","光","stone","石","sundial","日晷","","","简化造物","making","刻度石盘与晷针利用日影变化指示时间；晷针等构件在此省略。","A marked stone dial and gnomon use changing solar shadows to indicate time; individual parts are implicit.","","","","已确认"
"98","fiber-water-paper","fiber","纤维","water","水","paper","纸","","","简化造物","making","植物纤维制浆、抄造与干燥，提供另一条造纸路线。","Plant fibres are pulped, formed and dried: another route to paper.","","","","已确认"
"99","generator-circuit-electricity","generator","发电机","circuit","电路","electricity","电","","","系统联系","system","发电装置与闭合电路连接，将机械能转为可用电能。","Connect a generator with a circuit to obtain usable electrical energy.","","","","已确认"
"100","motor-wheel-machine","motor","电动机","wheel","轮","machine","机械","","","系统联系","system","电动机与传动轮系连接，组成能执行运动的机构。","Connect a motor with a wheel transmission to form a mechanism that performs motion.","","","","已确认"
"101","computer-data-chart","computer","计算机","data","数据","chart","图表","","","系统联系","system","将数据按映射规则在计算机中绘制，发现另一条图表路线。","Plot data by defined mappings on a computer: another route to a chart.","","","","已确认"
"102","tools-wire-needle","tools","工具","wire","导线","needle","针具","","","简化造物","making","工具将金属加工成细长针具，概括成形与打磨工序。","Tools shape and polish metal into a fine needle.","","","","已确认"
"103","charcoal-water-ink","charcoal","木炭","water","水","ink","墨","","","简化造物","making","炭黑与液体载体联系制墨，实际还需胶和研磨等工序。","Carbon black and a liquid medium suggest ink-making, with binder and grinding implicit.","","","","已确认"
"104","plant-tools-fiber","plant","植株","tools","工具","fiber","纤维","","","简化造物","making","工具处理植物材料，提取可纺织的纤维。","Tools process plant material into fibres for textile making.","","","","已确认"
"105","stone-kiln-cement","brick","砖","house","屋","fortress","堡垒","","","简化造物","making","砖石加强房屋的围护与防守结构，形成堡垒的简化营造意象。","Brickwork reinforces the enclosing and defensive structure of a building, suggesting a fortress.","","","","用户修订"
"106","clay-tools-pipe","clay","黏土","tools","工具","pipe","管","","","简化造物","making","黏土经工具成型为中空管，再经烧制得到陶管。","Tools shape clay into a hollow pipe that is subsequently fired.","","","","已确认"
"107","stone-earth-mountain","stone","石","earth","土","mountain","山","","","简化造物","making","岩层构造与地形起伏构成山体，石与土代表其材料。","Rock layers and raised terrain suggest the structure of a mountain.","","","","已确认"
"108","river-river-ocean","river","河流","river","河流","ocean","海洋","","","简化造物","making","许多河流汇入海洋；两条河流代表汇聚的来水。","Rivers converge toward the ocean; the pair stands for many incoming flows.","","","","已确认"
"109","river-mountain-lake","river","河流","mountain","山","lake","湖泊","","","简化造物","making","山间低洼地蓄积来水，形成湖泊的简化地形联系。","A depression between mountains holds incoming water as a lake.","","","","已确认"
"110","water-mountain-springwater","water","水","mountain","山","springwater","泉","","","简化造物","making","地下水沿岩隙涌出，水与石相遇在泉口。","Groundwater emerges through cracks in rock at a spring.","","","","已确认"
"111","stone-ice-crystal","stone","石","ice","冰","crystal","晶体","","","文化意象","image","以岩石中的矿物晶体与冰的有序形态作类比。","Mineral crystals in rock and the ordered form of ice offer a structural analogy.","","","","已确认"
"112","ocean-fire-salt","ocean","海洋","fire","火","salt","盐","","","简化造物","making","海水经蒸发结晶留下盐；火代表蒸发所需的热。","Evaporating seawater leaves salt crystals; fire stands for the heat supplied.","","","","已确认"
"113","metal-magnet-iron","metal","金","magnet","磁石","iron","铁","","","简化造物","making","以磁性联系铁，表示金属材料中的一个分支。","Magnetism points to iron as one branch of metallic materials.","","","","已确认"
"114","iron-charcoal-steel","iron","铁","charcoal","木炭","steel","钢","","","简化造物","making","以铁与碳的冶炼关系联系钢，省略成分控制和工序。","Iron and carbon suggest steelmaking, with composition control and processing implicit.","","","","已确认"
"115","metal-thread-wire","metal","金","thread","线","wire","导线","","","简化造物","making","把金属加工成线状，得到导电的线材。","Drawing metal into a thread-like shape produces conducting wire.","","","","已确认"
"116","tools-metal-knife","tools","工具","metal","金","knife","刀","","","简化造物","making","金属经开刃与装柄，成为切割工具。","Metal shaped into a blade and fitted with a handle becomes a cutting tool.","","","","已确认"
"117","pottery-fire-kiln","pottery","陶器","fire","火","kiln","窑","","","简化造物","making","稳定容纳高温的烧制空间，使陶坯转为陶器。","An enclosed high-temperature chamber supports ceramic firing.","","","","已确认"
"118","fiber-wood-brush","fiber","纤维","wood","木","brush","笔","","","简化造物","making","纤维形成笔头，木材提供笔杆，合成可书写的工具。","Fibres form the tip and wood forms the handle of a writing brush.","","","","已确认"
"119","book-tools-printing","book","书","tools","工具","printing","印刷","","","简化造物","making","文字记录与复制工具相遇，把一本书的内容复制传播。","Written material and reproduction tools enable copies of a book to circulate.","","","","已确认"
"120","paper-compass-map","paper","纸","compass","罗盘","map","地图","","","简化造物","making","把方向与位置记录在纸上，形成可阅读的空间表征。","Recording directions and positions on paper creates a readable spatial representation.","","","","已确认"
"121","lens-pipe-telescope","lens","透镜","pipe","管","telescope","望远镜","","","简化造物","making","透镜沿管筒排列，形成观察远处的光学器具。","Lenses arranged in a tube form an optical instrument for distant viewing.","","","","已确认"
"122","lens-sensor-camera","lens","透镜","sensor","传感器","camera","相机","","","简化造物","making","透镜成像与感光记录结合，形成数码相机的简化结构。","Image-forming optics and a light sensor suggest the structure of a digital camera.","","","","已确认"
"123","prism-light-spectrum","prism","棱镜","light","光","spectrum","光谱","","","简化造物","making","棱镜使不同波长的光按方向分开，呈现光谱。","A prism separates light by wavelength to reveal a spectrum.","","","","已确认"
"124","glass-thread-opticalfiber","glass","玻璃","thread","线","opticalfiber","光纤","","","简化造物","making","玻璃被制成细长纤维，利用光的导引传递信息。","Glass drawn into a fine fibre can guide light to carry information.","","","","已确认"
"125","wire-signal-antenna","wire","导线","signal","信号","antenna","天线","","","简化造物","making","导体形状与电磁信号相联系，形成接收或发射的天线。","A shaped conductor receives or transmits electromagnetic signals.","","","","已确认"
"126","antenna-circuit-radio","antenna","天线","circuit","电路","radio","无线电","","","简化造物","making","天线与调谐电路协作，让无线信号成为可接收的信息。","An antenna and tuned circuits cooperate to receive radio signals.","","","","已确认"
"127","network-computer-internet","network","网络","computer","计算机","internet","互联网","","","简化造物","making","计算机接入相互连接的网络，形成跨网络的信息往来。","Computers join interconnected networks to exchange information across them.","","","","已确认"
"128","data-library-database","data","数据","library","图书馆","database","数据库","","","简化造物","making","数据借助分类、存储与检索结构，形成可查询的数据库。","Data organised through storage, classification and retrieval becomes a queryable database.","","","","已确认"
"129","algorithm-data-ai","algorithm","算法","data","数据","ai","人工智能","","","简化造物","making","算法与数据结合，训练出执行特定任务的计算模型。","Algorithms and data train computational models to perform particular tasks.","","","","已确认"
"130","simulation-sensor-digitaltwin","simulation","仿真","sensor","传感器","digitaltwin","数字孪生","","","简化造物","making","实物传感数据持续更新仿真模型，联系数字孪生的构建。","Sensor data updates a simulation model to link a physical object and its digital twin.","","","","已确认"
"131","plant-air-leaf","plant","植株","air","空气","leaf","叶","","","简化造物","making","叶片与空气接触，为植物气体交换提供界面。","A leaf presents an interface between a plant and the surrounding air.","","","","已确认"
"132","leaf-light-photosynthesis","leaf","叶","light","光","photosynthesis","光合作用","","","简化造物","making","叶片接收光能，联系植物合成有机物的过程。","Leaves capture light energy in the process of making organic matter.","","","","已确认"
"133","photosynthesis-water-oxygen","photosynthesis","光合作用","water","水","oxygen","氧气","","","简化造物","making","以水参与的产氧光合作用为线索，联系释放的氧气。","Water participates in oxygenic photosynthesis, which releases oxygen.","","","","已确认"
"134","photosynthesis-metabolism-carboncycle","photosynthesis","光合作用","metabolism","代谢","carboncycle","碳循环","","","简化造物","making","光合固定与代谢转化相联系，构成碳在生命活动中循环的线索。","Photosynthetic fixation and metabolic transformations connect steps in the carbon cycle.","","","","已确认"
"135","soil-microscope-microbe","soil","腐殖土","microscope","显微镜","microbe","微生物","","","简化造物","making","用显微镜观察土壤，联系其中丰富的微生物。","Microscopic observation of soil reveals its microbial inhabitants.","","","","已确认"
"136","microbe-grain-fermentation","microbe","微生物","grain","谷物","fermentation","发酵","","","简化造物","making","微生物作用于谷物基质，形成发酵过程的线索。","Microorganisms act on a grain substrate in a fermentation process.","","","","已确认"
"137","microbe-plant-compost","microbe","微生物","plant","植株","compost","堆肥","","","简化造物","making","微生物分解植物残体，将有机材料转化为堆肥。","Microorganisms break down plant residues into compost.","","","","已确认"
"138","forest-river-ecosystem","forest","林","river","河流","ecosystem","生态系统","","","简化造物","making","森林与河流通过水、物质和生命活动联系，展现生态系统。","A forest and a river are linked by water, materials and living activity within an ecosystem.","","","","已确认"
"139","ecosystem-house-habitat","ecosystem","生态系统","house","屋","habitat","栖息地","","","简化造物","making","把生态关系与居处作类比，理解生物生活所需的栖息环境。","An ecosystem and the idea of a dwelling suggest the environment in which organisms live.","","","","已确认"
"140","ecosystem-seed-biodiversity","ecosystem","生态系统","seed","种子","biodiversity","生物多样性","","","简化造物","making","种子代表不同生命形式，生态系统为其相互联系提供背景。","Seeds stand for varied life forms linked within an ecosystem.","","","","已确认"
"141","organism-spirit-human","organism","生命体","spirit","神","human","人","","","简化造物","making","生命体与心智活动相联系，指向人的生命经验。","An organism and mental life meet in human experience.","","","","已确认"
"142","leaf-microscope-cell","leaf","叶","microscope","显微镜","cell","细胞","","","简化造物","making","在显微镜下观察叶片，认识组成植物组织的细胞。","Examining a leaf under a microscope reveals its constituent cells.","","","","已确认"
"143","cell-cell-tissue","cell","细胞","cell","细胞","tissue","组织","","","简化造物","making","细胞通过排列和协作形成组织；数量之外还有结构关系。","Cells form tissues through arrangement and cooperation, adding structure to number.","","","","已确认"
"144","tissue-structure-organ","tissue","组织","structure","结构","organ","器官","","","简化造物","making","组织按一定结构协作，形成执行相应任务的器官。","Tissues organised in a particular structure form an organ that performs particular tasks.","","","","已确认"
"145","organ-network-organism","organ","器官","network","网络","organism","生命体","","","简化造物","making","器官经相互连接和协调，组成能够维持自身的生命体。","Interconnected and coordinated organs form a living organism that maintains itself.","","","","已确认"
"146","cell-grain-metabolism","cell","细胞","grain","谷物","metabolism","代谢","","","简化造物","making","细胞对营养物质进行转化，联系生命维持所需的代谢活动。","Cells transform nutrients in the metabolic processes that sustain life.","","","","已确认"
"147","organism-pump-circulation","organism","生命体","pump","水泵","circulation","循环","","","简化造物","making","以泵驱动液体的关系类比生命体中的循环系统。","A pump moving fluid offers an analogy for circulation within an organism.","","","","已确认"
"148","organism-feedback-homeostasis","organism","生命体","feedback","反馈","homeostasis","内稳态","","","简化造物","making","生命体通过反馈调节，使内部条件保持在适宜范围。","Feedback regulation keeps an organism’s internal conditions within suitable ranges.","","","","已确认"
"149","taiji-rhythm-qi","taiji","太极","rhythm","节律","qi","气","","","文化意象","image","从阴阳变化与生命节律的联系，表达气的运动与变化意象。","Yin–yang transformation and living rhythms suggest qi in movement and change.","","","","已确认"
"150","circulation-water-blood","circulation","循环","water","水","blood","血","","","文化意象","image","以液体在循环通路中运行联系血的传统与现代生命意象。","Fluid moving through a circulatory route suggests blood in traditional and modern images of life.","","","","已确认"
"151","seed-qi-essence","seed","种子","qi","气","essence","精","","","文化意象","image","以种子的蕴藏与气的变化，联系传统医学中精的文化概念。","A seed’s stored potential and the transformations of qi suggest the traditional concept of essence.","","","","已确认"
"152","rhythm-qi-spirit","rhythm","节律","qi","气","spirit","神","","","文化意象","image","由节律活动与气的联系，引出传统医学中神的生命活动意象。","Rhythmic activity and qi suggest the traditional image of shen as an aspect of living activity.","","","","已确认"
"153","qi-network-meridian","qi","气","network","网络","meridian","经络","","","文化意象","image","以网络中的联系和气的运行，表达经络的传统概念意象。","A network and the movement of qi provide an image of the traditional meridian concept.","","","","已确认"
"154","needle-meridian-acupuncture","needle","针具","meridian","经络","acupuncture","针刺","","","文化意象","image","针具与经络概念相联系，指向针刺的文化与操作形象。","A needle and the meridian concept point to the cultural and procedural image of acupuncture.","","","","已确认"
"155","herb-fiber-mugwort","herb","药草","fiber","纤维","mugwort","艾草","","","文化意象","image","以药草的叶形与可制绒的纤维特征，联系艾草。","Herbal leaves and fibres that can be processed into moxa wool suggest mugwort.","","","","已确认"
"156","herb-system-prescription","herb","药草","system","系统","prescription","方剂","","","文化意象","image","多味药草按配伍关系组织，形成方剂的文化概念。","Herbs arranged through traditional combination rules suggest a formula prescription.","","","","已确认"
"157","human-model-diagnosis","human","人","model","模型","diagnosis","辨证","","","文化意象","image","由人的表现与概念模型相联系，表达传统辨证的综合理解过程。","A person’s manifestations and a conceptual model suggest integrative pattern identification in Chinese medicine.","","","","已确认"
"158","blood-rhythm-pulse","blood","血","rhythm","节律","pulse","脉象","","","文化意象","image","血的运行与节律相联系，成为观察脉象的文化线索。","Circulating blood and rhythm provide a cultural link to observing pulse patterns.","","","","已确认"
"159","taiji-balance-yin-yang-balance","taiji","太极","balance","动态平衡","yin-yang-balance","阴阳调和","","","文化意象","image","以阴阳相对相含与动态平衡联系调和的传统意象。","Complementary yin and yang meet dynamic balance in the traditional image of harmony.","","","","已确认"
"160","homeostasis-adaptation-health","homeostasis","内稳态","adaptation","适应","health","健康","","","简化造物","making","内部维持与外部适应相联系，作为游戏中理解健康的一条线索。","Internal maintenance and external adaptation offer one game-level lens on health.","","","","已确认"
"161","health-forecast-prevention","health","健康","forecast","预测","prevention","未病先防","","","文化意象","image","健康与对未来变化的预判相联系，表达提前维护的文化意象。","Health and anticipation of change suggest maintaining wellbeing before problems arise.","","","","已确认"
"162","network-signal-connection","network","网络","signal","信号","connection","联系","","","系统联系","system","信号在网络节点间往来，使联系成为可以观察的过程。","Signals travelling between network nodes make a connection observable.","","","","已确认"
"163","brick-system-structure","brick","砖","system","系统","structure","结构","","","系统联系","system","部件按一定关系配置，形成系统的结构。","Components arranged in particular relationships form a system’s structure.","","","","已确认"
"164","structure-energy-function","structure","结构","energy","能量","function","功能","","","系统联系","system","结构获得能量并参与作用，联系系统能够做什么。","A structure supplied with energy points to what a system can do.","","","","已确认"
"165","cooperation-function-emergence","cooperation","协作","function","功能","emergence","涌现","","","系统联系","system","协作中的整体获得可观察的功能，成为涌现的一种游戏意象。","Cooperation yielding an observable whole-level function offers an image of emergence.","","","","已确认"
"166","wall-system-boundary","wall","墙","system","系统","boundary","边界","","","系统联系","system","界限让系统与环境得以区分，也让跨界联系可以被观察。","A boundary distinguishes a system from its environment and makes exchanges visible.","","","","已确认"
"167","boundary-flow-openness","boundary","边界","flow","流","openness","开放性","","","系统联系","system","流动穿越边界，体现系统与环境之间的交换。","Flow across a boundary represents exchanges between a system and its environment.","","","","已确认"
"168","feedback-environment-adaptation","feedback","反馈","environment","环境","adaptation","适应","","","系统联系","system","反馈随环境变化调整系统的行为，联系适应过程。","Feedback adjusts a system’s behaviour as its environment changes.","","","","已确认"
"169","network-cooperation-selforganization","network","网络","cooperation","协作","selforganization","自组织","","","系统联系","system","节点间的局部联系与协作，形成无需中央逐项安排的整体秩序意象。","Local connections and cooperation suggest an overall pattern without central step-by-step arrangement.","","","","已确认"
"170","gear-network-cooperation","gear","齿轮","network","网络","cooperation","协作","","","系统联系","system","多个部件经联系配合，形成协作的组织关系。","Connected components coordinate their actions in a cooperative arrangement.","","","","已确认"
"171","structure-system-hierarchy","structure","结构","system","系统","hierarchy","层次","","","系统联系","system","系统可以分为相互联系的子系统，形成多个组织层次。","A system can contain interconnected subsystems at several levels of organisation.","","","","已确认"
"172","data-time-memory","data","数据","time","时间","memory","记忆","","","简化造物","making","数据跨时间保存，使过去的信息能在以后再次使用。","Information retained across time can be used again, suggesting memory.","","","","已确认"
"173","adaptation-balance-resilience","adaptation","适应","balance","动态平衡","resilience","韧性","","","系统联系","system","受到扰动后通过适应与调节维持或恢复组织，联系系统韧性。","Adaptation and regulation help a system maintain or recover organisation after disturbance.","","","","已确认"
"174","control-model-purpose","control","控制","model","模型","purpose","目标","","","系统联系","system","将模型中的期望状态作为控制的参照，形成目标导向。","A desired state in a model provides a reference for goal-directed control.","","","","已确认"
"175","fire-electricity-energy","fire","火","electricity","电","energy","能量","","","简化造物","making","热与电是能量转移的不同线索，用它们引出能量概念。","Heat and electricity offer different routes of energy transfer.","","","","已确认"
"176","river-pipe-flow","river","河流","pipe","管","flow","流","","","系统联系","system","河道与管道以不同结构组织流动，联系抽象的流。","A river channel and a pipe organise movement in different ways, suggesting flow.","","","","已确认"
"177","ecosystem-boundary-environment","ecosystem","生态系统","boundary","边界","environment","环境","","","简化造物","making","从系统边界向外看，与系统发生联系的条件构成其环境。","Beyond a system’s boundary, interacting conditions form its environment.","","","","已确认"
"178","clock-calendar-time","clock","时钟","calendar","历法","time","时间","","","简化造物","making","时钟标记时刻，历法组织周期，两者提供记录时间的尺度。","Clocks mark moments and calendars organise cycles, providing scales for recording time.","","","","已确认"
"179","model-time-forecast","model","模型","time","时间","forecast","预测","","","简化造物","making","用模型组织时间中的变化，推测尚未观测到的状态。","A model of change over time estimates states that have not yet been observed.","","","","已确认"
"180","ecosystem-season-nature","ecosystem","生态系统","season","四时","nature","自然","","","简化造物","making","生态关系与季节变化相联系，指向人所处的自然世界。","Ecological relationships and seasonal change point to the natural world in which people live.","","","","已确认"
"181","taiji-system-meta-wholeness","taiji","太极","system","系统","meta-wholeness","元整体原理","","","终极文化配方","principle","从太极的整体意象出发认识系统，并联系气、联系与开放性等已发现概念。","Begin with the whole represented by taiji to consider systems, alongside the collected concepts of qi, connection and openness.","","qi, connection, openness","气、联系、开放性","已确认"
"182","cooperation-emergence-non-additivity","cooperation","协作","emergence","涌现","non-additivity","非加和原理","","","终极文化配方","principle","部件建立联系后出现整体功能，以此走进非加和原理。","Parts acquire a whole-level function through relationships, opening the non-additivity principle.","","gear, machine, function","齿轮、机械、功能","已确认"
"183","ecosystem-human-nature-human","nature","自然","human","人","nature-human","天生人原理","","","终极文化配方","principle","从自然的变化与人的生命过程相联系，进入天生人原理。","Connect natural change with human living processes as an entry to the principle.","","season, ecosystem, metabolism","四时、生态系统、代谢","用户修订"
"184","homeostasis-selforganization-autonomy-principle","homeostasis","内稳态","selforganization","自组织","autonomy-principle","自主性原理","","","终极文化配方","principle","生命体的维持、调节与自组织相联系，形成自主性的观察入口。","Self-maintenance, regulation and self-organisation provide a lens on autonomy.","","boundary, feedback, adaptation","边界、反馈、适应","已确认"
"185","rhythm-hierarchy-order-principle","rhythm","节律","hierarchy","层次","order-principle","有序性原理","","","终极文化配方","principle","时间节律与组织层次相互联系，体现系统有序的不同方面。","Temporal rhythm and organisational levels illuminate different aspects of order.","","clock, structure, selforganization","时钟、结构、自组织","已确认"
"186","organism-connection-organicity-principle","organism","生命体","connection","联系","organicity-principle","有机性原理","","","终极文化配方","principle","从生命体中相互依存的联系，回看整体的有机组织。","Interdependent relationships within a living organism point to organic organisation.","","organ, circulation, ecosystem","器官、循环、生态系统","已确认"
"187","function-purpose-functionality-principle","function","功能","purpose","目标","functionality-principle","功能性原理","","","终极文化配方","principle","把结构、活动与所实现的功能相联系，进入功能性原理。","Relate structure and activity to the functions realised, opening the functionality principle.","","structure, control, environment","结构、控制、环境","已确认"
"188","book-yin-yang-balance-neijing","book","书","yin-yang-balance","阴阳调和","neijing","黄帝内经","","","终极文化配方","principle","从典籍与阴阳、四时的主题联系，走入《黄帝内经》。配方表示阅读路径，不表示成书先后。","Connect books with yin–yang and the seasons to enter the Huangdi Neijing. This is a reading route, not a historical sequence.","","herbalbook, qi, season","本草纲目、气、四时","已确认"
"189","neijing-meridian-nanjing","neijing","黄帝内经","meridian","经络","nanjing","难经","","","终极文化配方","principle","从《黄帝内经》与经络主题走入《难经》的问难与阐释。这里是文化阅读联系。","The Neijing and the meridian theme lead toward the questions and explanations of the Nanjing: a cultural reading connection.","","pulse, diagnosis, herbalbook","脉象、辨证、本草纲目","已确认"
"190","prescription-book-shanghan","prescription","方剂","diagnosis","辨证","shanghan","伤寒杂病论","","","终极文化配方","principle","从方剂、辨证与典籍的联系，向《伤寒杂病论》致意。配方不模拟书中诊疗。","Formula prescriptions, pattern identification and books form a tribute to the Shanghan Zabing Lun, without simulating its clinical content.","","book, pulse, herbalbook","书、脉象、本草纲目","用户修订"
"191","herbalbook-essence-shennong","herbalbook","本草纲目","essence","精","shennong","神农本草经","","","终极文化配方","principle","从本草记录与草木蕴藏的文化意象，回望《神农本草经》。配方不表示两书的成书关系。","Materia medica records and the cultural image of plants’ stored potential lead back to the Shennong Bencao Jing, without asserting a historical derivation.","","herb, prescription, book","药草、方剂、书","已确认"
"192","human-light-inspection","doctor","医生","light","光","inspection","望诊","","","文化意象","image","以人的外在表现与可见信息相联系，表达望诊的观察意象。","A person’s visible manifestations suggest the observational image of inspection.","","","","用户修订"
"193","human-air-listening","doctor","医生","air","空气","listening","闻诊","","","文化意象","image","以声音、气息等可感知线索联系闻诊；这里只表达观察维度。","Sound, breath and other perceptible cues suggest listening and smelling as dimensions of observation.","","","","用户修订"
"194","human-data-inquiry","doctor","医生","data","数据","inquiry","问诊","","","文化意象","image","交流与记录让人的经历进入观察范围，形成问诊的文化线索。","Conversation and records bring a person’s experience into observation, suggesting inquiry.","","","","用户修订"
"195","human-pulse-palpation","doctor","医生","pulse","脉象","palpation","脉诊","","","文化意象","image","以人的脉象与接触观察相联系，表达脉诊的文化意象。","A person’s pulse and observation through touch suggest the cultural image of pulse examination.","","","","用户修订"
"196","diagnosis-cooperation-four-examinations","diagnosis","辨证","cooperation","协作","four-examinations","四诊合参","","","终极文化配方","principle","将望诊、闻诊、问诊、脉诊的信息相互参照，形成四诊合参的文化意象。","Bring inspection, listening and smelling, inquiry, and pulse examination into mutual consideration as a cultural image of the four examinations together.","","inspection, listening, inquiry, palpation","望诊、闻诊、问诊、脉诊","已确认"
"197","qi-water-jin","qi","气","water","水","jin","津","","","文化意象","image","以水与气的流行意象，联系传统医学中的津；作为游戏中的文化联系。","Water and the traditional image of qi in movement suggest jin fluids. A cultural connection in the game.","","","","已确认"
"198","essence-water-ye","essence","精","water","水","ye","液","","","文化意象","image","以水与精的蕴藏意象，联系传统医学中的液；作为游戏中的文化联系。","Water and the traditional image of stored essence suggest ye fluids. A cultural connection in the game.","","","","已确认"
"199","essence-spirit-six-foundations","essence","精","spirit","神","six-foundations","精气血津液神","","","终极文化配方","principle","精、气、血、津、液、神在同一收藏中相遇，形成传统生命概念的关系图。这里的合成表达相互联系，不给出医学转化机制。","Essence, qi, blood, jin fluids, ye fluids and spirit meet in one collection of traditional life concepts. The recipe expresses relationships rather than medical conversion mechanisms.","","qi, blood, jin, ye","气、血、津、液","已确认"
"200","metal-salt-battery","metal","金","salt","盐","battery","电池","","","系统联系","system","适宜的金属电极与含盐电解液结合，形成电池的简化材料联系；实际还需配对电极与器件结构。","Suitable metal electrodes and a salt-containing electrolyte suggest a battery; paired electrodes and device construction are implicit.","","","","已确认"
"201","feedback-model-control","feedback","反馈","model","模型","control","控制","","","系统联系","system","把反馈与参照模型联系起来，调整系统输出，形成控制。","Feedback compared with a reference model guides adjustments to system output.","","","","已确认"
"202","clay-kiln-cement","clay","黏土","kiln","窑","cement","水泥","","","简化造物","making","以含黏土的配料在窑中与含钙原料共同煅烧、粉磨为线索联系水泥，省略其他原料与工序。","Clay-bearing ingredients and calcium-bearing materials are calcined in a kiln and ground to make cement; other ingredients and stages are implicit.","","","","已确认"
"203","human-diagnosis-doctor","human","人","diagnosis","辨证","doctor","医生","","","文化意象","image","人通过学习医学与辨证等专业训练成为医生；这里只概括职业成长的文化意象。","A person studying medicine and undertaking professional training becomes a doctor; this is a cultural image of professional development.","","","","已确认"