"序号","符号","元素ID","中文名称","英文名称","类别","类别ID","起始方式","中文说明","英文说明","修改意见","元素等级","审阅状态"
"1","","yin","阴","Yin","阴阳五行","origins","初始元素","收敛、静与凉的意象。故事从这里的一半开始。","An image of quiet, coolness and inward movement. One half of the beginning.","","普通元素","已确认"
"2","","yang","阳","Yang","阴阳五行","origins","初始元素","舒展、动与暖的意象。与阴相遇，打开新的联系。","An image of warmth, activity and outward movement. Meet its counterpart.","","普通元素","已确认"
"3","","taiji","太极","Taiji","阴阳五行","origins","合成或展开","阴阳相对相含的文化图形，用它作为本游戏展开五行的入口。","A cultural figure of complementary yin and yang; the gateway to this game’s five phases.","","普通元素","已确认"
"4","","fire","火","Fire","阴阳五行","origins","合成或展开","向上的焰形：热，让材料改变状态。","An upward flame: heat makes materials change state.","","普通元素","已确认"
"5","","water","水","Water","阴阳五行","origins","合成或展开","一滴水：流动、汇聚，也参与许多造物过程。","A drop that flows, gathers and joins many making processes.","","普通元素","已确认"
"6","","earth","土","Earth","阴阳五行","origins","合成或展开","层叠的地形：为生长与材料提供落脚处。","Layers of ground: a place for growth and a source of materials.","","普通元素","已确认"
"7","","wood","木","Wood","阴阳五行","origins","合成或展开","分枝的树形：生长的意象，也是一种可塑材料。","A branching form: an image of growth and a workable material.","","普通元素","已确认"
"8","","metal","金","Metal","阴阳五行","origins","合成或展开","切面的金属块：可以成为工具、结构与导体。","A faceted ingot that can become a tool, structure or conductor.","","普通元素","已确认"
"9","","steam","蒸汽","Steam","天地气象","nature","合成或展开","三束向上的曲线：水受热后，进入另一种状态。","Three rising curves: water changes state when heated.","","普通元素","已确认"
"10","","cloud","云","Cloud","天地气象","nature","合成或展开","聚拢的圆弧：微小水滴或冰晶组成可见的云。","Gathered arcs: tiny droplets or ice crystals make a visible cloud.","","普通元素","已确认"
"11","","rain","雨","Rain","天地气象","nature","合成或展开","云下落线：聚集的水滴落向大地。","Falling strokes beneath a cloud: gathered droplets return to the ground.","","普通元素","已确认"
"12","","river","河流","River","天地气象","nature","合成或展开","两条蜿蜒的岸线：许多来水汇成一条路径。","Two winding banks: many flows join a shared course.","","普通元素","已确认"
"13","","stone","石","Stone","天地气象","nature","合成或展开","不规则的棱面：形态与纹理留下地质过程的痕迹。","An angular form whose shape and texture carry geological histories.","","普通元素","已确认"
"14","","sand","沙","Sand","天地气象","nature","合成或展开","一组分散的小颗粒：整体形态来自颗粒的聚集。","Separate grains whose arrangement gives the whole its form.","","普通元素","已确认"
"15","","clay","黏土","Clay","天地气象","nature","合成或展开","柔软的层纹：细颗粒与水让材料可以被塑形。","Soft layers: fine particles and water make a material workable.","","普通元素","已确认"
"16","","pottery","陶器","Pottery","器物营造","craft","合成或展开","有口有腹的器形：材料经过成形与烧制，获得新用途。","An open vessel: shaping and firing give material a new use.","","普通元素","已确认"
"17","","glass","玻璃","Glass","材料工艺","materials","合成或展开","透明棱柱：加工改变了材料与光的关系。","A transparent prism: processing changes a material’s relation to light.","","普通元素","已确认"
"18","","seed","种子","Seed","生命生态","life","合成或展开","带有胚芽的椭圆：生长的可能性被收在小小结构中。","An oval with a shoot: a small structure holds the potential for growth.","","普通元素","已确认"
"19","","plant","植株","Plant","生命生态","life","合成或展开","一茎两叶：生长需要材料、能量与环境共同参与。","A stem and two leaves: growth involves materials, energy and environment.","","普通元素","已确认"
"20","","herb","药草","Medicinal plant","中医文化","tcm","合成或展开","叶与根：连接植物知识与本草文化，不代表所有植物皆可入药。","Leaf and root connect plant knowledge with materia medica; not every plant is medicinal.","","普通元素","已确认"
"21","","grain","谷物","Grain","生命生态","life","合成或展开","一穗谷粒：从生长走向成熟与收获。","A grain head: growth moves towards maturity and harvest.","","普通元素","已确认"
"22","","paper","纸","Paper","材料工艺","materials","合成或展开","折角的薄片：纤维重新组织，成为书写的载体。","A folded sheet: reorganised fibres become a surface for writing.","","普通元素","已确认"
"23","","ink","墨","Ink","材料工艺","materials","合成或展开","墨滴与砚面：材料与工艺共同承载文字。","An ink drop and inkstone: materials and craft carry written language.","","普通元素","已确认"
"24","","book","书","Book","器物营造","craft","合成或展开","展开的双页：纸与文字组成可以传递的知识。","Two open pages: paper and writing become shareable knowledge.","","普通元素","已确认"
"25","","needle","针具","Needle","中医文化","tcm","合成或展开","细长针形：材料与形制结合，成为中医器具的文化符号。","A fine needle: material and form become a cultural symbol of Chinese medicine.","","普通元素","已确认"
"26","","decoction","药汤","Herbal decoction","中医文化","tcm","合成或展开","器皿上升起的水汽：本草与煎煮工艺相遇的意象。","Vapour above a vessel: an image of materia medica meeting preparation craft.","","普通元素","已确认"
"27","","moxa","艾灸","Moxibustion","中医文化","tcm","合成或展开","以艾草制绒及燃烧的传统操作为线索，记录艾灸的文化意象。","A cultural image of moxibustion, involving processed mugwort and burning moxa.","","普通元素","已确认"
"28","","wheel","轮","Wheel","器物营造","craft","合成或展开","轮缘与辐条：结构让材料可以承载与转动。","A rim and spokes: structure lets a material carry loads and rotate.","","普通元素","已确认"
"29","","gear","齿轮","Gear","器物营造","craft","合成或展开","带齿的轮：边缘形状让它能够与另一个轮发生联系。","A toothed wheel whose edge can engage with another wheel.","","普通元素","已确认"
"30","","machine","机械","Mechanism","系统科学","systems","合成或展开","两只啮合的齿轮：联系使部件产生传动功能。","Two meshing gears: their connection produces transmission.","","普通元素","已确认"
"31","","engine","动力机","Engine","能源动力","energy","合成或展开","活塞与飞轮：组织起来的部件把能量转为运动。","A piston and flywheel: organised parts turn energy into motion.","","普通元素","已确认"
"32","","electricity","电","Electricity","能源动力","energy","合成或展开","折线闪电：为传感、信号与控制打开新的路径。","A lightning stroke opens routes to sensing, signals and control.","","普通元素","已确认"
"33","","sensor","传感器","Sensor","信息计算","information","合成或展开","同心感知弧：把环境变化转为可以处理的信号。","Nested sensing arcs turn environmental change into usable signals.","","普通元素","已确认"
"34","","signal","信号","Signal","信息计算","information","合成或展开","一段脉冲：变化可以被编码与传递。","A pulse: change can be encoded and communicated.","","普通元素","已确认"
"35","","network","网络","Network","信息计算","information","合成或展开","相连的节点：联系的结构影响信息如何流动。","Linked nodes: their arrangement affects how information flows.","","普通元素","已确认"
"36","","feedback","反馈","Feedback","系统科学","systems","合成或展开","闭合的回路：输出返回并参与后续过程。","A closed loop: output returns to influence what happens next.","","普通元素","已确认"
"37","","clock","时钟","Clock","信息计算","information","合成或展开","指针与刻度：周期运动成为可读的时间尺度。","Hands and marks: periodic movement becomes a readable measure of time.","","普通元素","已确认"
"38","","rhythm","节律","Rhythm","系统科学","systems","合成或展开","重复的波峰：变化在时间中形成可辨认的模式。","Repeated peaks: change forms a recognisable pattern in time.","","普通元素","已确认"
"39","","balance","动态平衡","Dynamic balance","系统科学","systems","合成或展开","支点上的双盘：持续调整中保持的相对稳定。","Two pans on a pivot: relative stability maintained through adjustment.","","普通元素","已确认"
"40","","system","系统","System","系统科学","systems","合成或展开","有边界、有回路的节点群：部分在联系中形成整体。","A bounded group of connected nodes: parts form a whole through relationships.","","普通元素","已确认"
"41","","air","空气","Air","天地气象","nature","合成或展开","无形空气以疏开的三条曲线表示，作为第二批开放的基础介质。","Three open curves represent air, a basic medium added in the expanded atlas.","","普通元素","已确认"
"42","","light","光","Light","天地气象","nature","合成或展开","一束光线，连接照明、光学与植物生长的路线。","A beam of light connects illumination, optics and plant growth.","","普通元素","已确认"
"43","","wind","风","Wind","天地气象","nature","合成或展开","空气受热不均形成压强差，带来流动；这里省略具体天气条件。","Uneven heating creates pressure differences and moving air; weather conditions are compressed.","","普通元素","已确认"
"44","","ice","冰","Ice","天地气象","nature","合成或展开","以阴的凉意代表冷却条件，水在适宜温度下凝固成冰。","The cool image of yin stands for cooling water until it freezes.","","普通元素","已确认"
"45","","snow","雪","Snow","天地气象","nature","合成或展开","云中冰晶在适宜条件下生长并降落，形成雪。","Ice crystals grow and fall from clouds under suitable conditions, forming snow.","","普通元素","已确认"
"46","","rainbow","虹","Rainbow","天地气象","nature","合成或展开","光在水滴中折射、反射并分散，在适宜几何条件下形成虹。","Light refracts, reflects and disperses in water droplets, making a rainbow at suitable angles.","","普通元素","已确认"
"47","","soil","腐殖土","Humus-rich soil","天地气象","nature","合成或展开","植物残体分解后与矿物颗粒相混，增添土壤中的有机质。","Decomposed plant remains mix with mineral particles, adding organic matter to soil.","","普通元素","已确认"
"48","","root","根","Root","生命生态","life","合成或展开","以植物在土中生根为线索，发现吸收与固定的结构。","A plant taking root in soil reveals a structure for uptake and anchoring.","","普通元素","已确认"
"49","","flower","花","Flower","生命生态","life","合成或展开","光周期等条件参与开花调控；本路线选取开花植物。","Photoperiod and other conditions participate in flowering; this route refers to flowering plants.","","普通元素","已确认"
"50","","fruit","果","Fruit","生命生态","life","合成或展开","被子植物开花、授粉后发育成果实，路线省略具体条件。","Flowering plants develop fruit after flowering and pollination; detailed conditions are implicit.","","普通元素","已确认"
"51","","forest","林","Forest","生命生态","life","合成或展开","多株树木形成林的集合意象；森林还包含土壤、生物及环境联系。","Many trees suggest a forest, which also includes soil, organisms and environmental relationships.","","普通元素","已确认"
"52","","charcoal","木炭","Charcoal","材料工艺","materials","合成或展开","木材在限氧窑中受热形成木炭；陶器在此代表窑烧工艺。","Wood heated in a low-oxygen kiln forms charcoal; pottery stands for kiln craft here.","","普通元素","已确认"
"53","","ash","草木灰","Plant ash","材料工艺","materials","合成或展开","植物材料燃烧后留下无机灰分，得到草木灰。","Burning plant material leaves inorganic mineral ash.","","普通元素","已确认"
"54","","brick","砖","Brick","材料工艺","materials","合成或展开","黏土与适宜矿物骨料成形、烧制为砖，配方压缩成形与烧成工序。","Clay with suitable mineral aggregate is shaped and fired into brick; processing is compressed.","","普通元素","已确认"
"55","","cement","水泥","Cement","材料工艺","materials","合成或展开","以含钙岩石与黏土等原料煅烧、粉磨为线索，省略其他原料和工序。","Calcium-bearing rock and clay are calcined and ground; additional materials and stages are implicit.","","普通元素","已确认"
"56","","concrete","混凝土","Concrete","材料工艺","materials","合成或展开","水泥与砂、粗骨料、水拌合后硬化；此处用两项概括复合材料。","Cement, sand, coarse aggregate and water harden into concrete; two items stand for the composite process.","","普通元素","已确认"
"57","","wall","墙","Wall","器物营造","craft","合成或展开","以砖和泥质砌筑材料组织成墙为线索，结构来自排列与连接。","Bricks with an earthen bonding material suggest a wall built through arrangement and connection.","","普通元素","已确认"
"58","","house","屋","House","器物营造","craft","合成或展开","墙体与木构屋顶等构件组织成房屋，省略其他构件。","Walls and wooden roof members are organised into a house; other parts are implicit.","","普通元素","已确认"
"59","","bridge","桥","Bridge","器物营造","craft","合成或展开","木构件跨越水道，经支承与连接形成桥的功能。","Wooden members arranged across a waterway gain a bridge’s function through support and connection.","","普通元素","已确认"
"60","","fiber","纤维","Fibre","材料工艺","materials","合成或展开","植物材料经浸渍、捶打或碾磨提取纤维，石代表加工工具。","Plant material is soaked, beaten or ground to obtain fibres; stone represents the tools.","","普通元素","已确认"
"61","","thread","线","Thread","材料工艺","materials","合成或展开","纤维经纺轮加捻，组织为连续的纱线。","Fibres twisted with a spinning wheel become continuous thread.","","普通元素","已确认"
"62","","cloth","布","Cloth","材料工艺","materials","合成或展开","经纬纱线按结构交织，形成可以使用的织物。","Warp and weft threads interlace in an organised structure to make cloth.","","普通元素","已确认"
"63","","sail","帆","Sail","器物营造","craft","合成或展开","布被裁制、支撑为帆，借风产生推进作用。","Cloth shaped and supported as a sail catches wind to provide propulsion.","","普通元素","已确认"
"64","","boat","帆船","Sailboat","器物营造","craft","合成或展开","木制船体与帆装配，借浮力、风与结构形成航行功能。","A wooden hull and sail combine buoyancy, wind and structure to enable sailing.","","普通元素","已确认"
"65","","magnet","磁石","Magnet","器物营造","craft","合成或展开","从含铁矿物中发现具有磁性的天然磁石，不表示所有金属都有磁性。","Iron-bearing minerals include naturally magnetic lodestone; this does not imply all metals are magnetic.","","普通元素","已确认"
"66","","compass","罗盘","Compass","器物营造","craft","合成或展开","磁化的针与支承结构结合，可指示磁场方向；这里省略支承。","A magnetised needle on a suitable support indicates magnetic field direction; the support is implicit.","","普通元素","已确认"
"67","","motor","电动机","Electric motor","能源动力","energy","合成或展开","磁场、线圈与电流相互作用，按结构组织后产生转动。","Fields, coils and current interact in an organised structure to produce rotation.","","普通元素","已确认"
"68","","generator","发电机","Generator","能源动力","energy","合成或展开","动力使导体与磁场产生相对运动，联想到发电装置。","Mechanical power moves a conductor relative to a magnetic field, suggesting a generator.","","普通元素","已确认"
"69","","turbine","汽轮机","Steam turbine","能源动力","energy","合成或展开","蒸汽推动叶轮，把流体的能量转为旋转运动。","Steam drives a bladed rotor, turning fluid energy into rotation.","","普通元素","已确认"
"70","","pump","水泵","Water pump","系统科学","systems","合成或展开","有动力与合适结构的机构搬运水，形成泵的功能。","A powered mechanism with suitable structure moves water, acquiring a pump’s function.","","普通元素","已确认"
"71","","pipe","管","Pipe","器物营造","craft","合成或展开","金属加工与陶制成型提供两类制管工艺，形成流体通道。","Metalworking and ceramic forming offer ways to make pipes that channel fluids.","","普通元素","已确认"
"72","","valve","阀","Valve","系统科学","systems","合成或展开","在管道中加入可调机构，控制通道的开度与流量。","An adjustable mechanism in a pipe controls its opening and flow.","","普通元素","已确认"
"73","","circuit","电路","Circuit","信息计算","information","合成或展开","导体与元件按拓扑连接，为信号建立可运行的电路。","Conductors and components arranged in a topology give signals a functioning circuit.","","普通元素","已确认"
"74","","battery","电池","Battery","能源动力","energy","合成或展开","两种适宜电极与电解液形成电化学装置；水代表水系电解液。","Suitable electrodes and an electrolyte form an electrochemical device; water stands for an aqueous electrolyte.","","普通元素","已确认"
"75","","resistor","电阻","Resistor","信息计算","information","合成或展开","碳材料在合适结构中可以制成电阻元件，不是任意木炭皆可直接使用。","Carbon materials in suitable structures can form resistors; ordinary charcoal is not a ready-made component.","","普通元素","已确认"
"76","","switch","开关","Switch","信息计算","information","合成或展开","机械结构控制电路的接通与断开，形成开关。","A mechanical structure opens or closes a circuit to form a switch.","","普通元素","已确认"
"77","","lamp","灯","Lamp","信息计算","information","合成或展开","玻璃灯罩与电光源等部件组织为灯，省略具体发光材料。","A glass enclosure and an electric light source are arranged as a lamp; emitting materials are implicit.","","普通元素","已确认"
"78","","lens","透镜","Lens","器物营造","craft","合成或展开","玻璃加工成适宜曲面，改变光路，形成透镜。","Glass shaped with suitable curved surfaces redirects light to form a lens.","","普通元素","已确认"
"79","","microscope","显微镜","Microscope","系统科学","systems","合成或展开","物镜与目镜等光学部件按距离和光路组织，形成复合显微镜。","Objective and eyepiece lenses arranged along an optical path form a compound microscope.","","普通元素","已确认"
"80","","prism","棱镜","Prism","器物营造","craft","合成或展开","将玻璃加工为棱柱，利用色散把光分开；虹提供观察线索。","Glass shaped as a prism disperses light; the rainbow suggests the optical effect.","","普通元素","已确认"
"81","","solar","太阳能电池","Solar cell","能源动力","energy","合成或展开","具有光伏效应的半导体与电路组织成太阳能电池，材料条件在此省略。","Photovoltaic semiconductors connected to a circuit form a solar cell; material conditions are implicit.","","普通元素","已确认"
"82","","screen","显示屏","Display","信息计算","information","合成或展开","显示材料、玻璃基板与驱动信号共同构成显示装置。","Display materials, a glass substrate and driving signals form a display.","","普通元素","已确认"
"83","","computer","计算机","Computer","信息计算","information","合成或展开","电路按计算结构组织，执行存储的指令；书在此代表指令记录。","Computationally organised circuits execute stored instructions; the book represents instruction records.","","普通元素","已确认"
"84","","code","编码","Code","信息计算","information","合成或展开","为记录与信号建立对应规则，形成可传递的编码。","A defined mapping between records and signals creates communicable code.","","普通元素","已确认"
"85","","algorithm","算法","Algorithm","信息计算","information","合成或展开","把有序、明确的操作步骤写成可执行的表示，形成算法的游戏意象。","Represent ordered, explicit steps in executable form: the game’s image of an algorithm.","","普通元素","已确认"
"86","","model","模型","Model","信息计算","information","合成或展开","记录系统的结构、变量与关系，建立针对问题的模型。","Record a system’s structure, variables and relationships to build a model for a question.","","普通元素","已确认"
"87","","simulation","仿真","Simulation","信息计算","information","合成或展开","让模型在计算机中按规则运行，观察设定条件下的变化。","Run a model by defined rules on a computer to observe change under specified conditions.","","普通元素","已确认"
"88","","control","控制","Control","系统科学","systems","合成或展开","按控制规则处理返回的信息，调整后续输出。","Process returning information according to control rules to adjust subsequent output.","","普通元素","已确认"
"89","","automation","自动化","Automation","系统科学","systems","合成或展开","将控制规则与执行机构连接，让任务按设定条件自动运行。","Connect control rules with actuators so a task runs automatically under defined conditions.","","普通元素","已确认"
"90","","robot","机器人","Robot","系统科学","systems","合成或展开","感知、控制与执行机构组织在一起，形成机器人的简化结构。","Sensing, control and actuation are organised into a simplified robotic structure.","","普通元素","已确认"
"91","","data","数据","Data","信息计算","information","合成或展开","把信号按规则记录，形成可回看的数据。","Record signals by defined rules to create data that can be revisited.","","普通元素","已确认"
"92","","chart","图表","Chart","信息计算","information","合成或展开","把数据映射为图形，让关系与变化更容易被阅读。","Map data into visual forms so relationships and changes become readable.","","普通元素","已确认"
"93","","library","图书馆","Library","信息计算","information","合成或展开","书籍经过收集、分类与编目，形成可以检索的书库。","Books collected, classified and catalogued form a searchable library.","","普通元素","已确认"
"94","","calendar","历法","Calendar","信息计算","information","合成或展开","记录并组织时间周期，形成便于查阅的历。","Record and organise cycles of time into a calendar.","","普通元素","已确认"
"95","","season","四时","Seasons","天地气象","nature","合成或展开","在历法中记录年周期的物候变化，以春夏秋冬表达四时。","Record annual phenological rhythms in a calendar as spring, summer, autumn and winter.","","普通元素","已确认"
"96","","greenhouse","温室","Greenhouse","系统科学","systems","合成或展开","透光围护与建筑结构相连，形成可调节栽培环境的温室。","A light-transmitting enclosure and building structure form a greenhouse for managing growing conditions.","","普通元素","已确认"
"97","","mortar","药臼","Herbal mortar","中医文化","tcm","合成或展开","凹石与杵配合，材料经过形制加工成为研磨工具。","A hollowed stone and pestle, shaped to work together, become a grinding tool.","","普通元素","已确认"
"98","","powder","药粉","Herbal powder","中医文化","tcm","合成或展开","合适药材经过研磨成为粉末，只展示加工形式，不提供用药建议。","Suitable herbal material is ground into powder; this shows a processing form, not prescribing advice.","","普通元素","已确认"
"99","","herbalbook","本草纲目","Compendium of Materia Medica","中医文化","tcm","合成或展开","以药草观察与书籍编纂联系《本草纲目》，这里只作文化致意，不模拟该书内容。","A cultural tribute connecting herbal observation and compilation with the Compendium of Materia Medica, without simulating its contents.","","普通元素","已确认"
"100","","sundial","日晷","Sundial","器物营造","craft","合成或展开","刻度石盘与晷针利用日影变化指示时间；晷针等构件在此省略。","A marked stone dial and gnomon use changing solar shadows to indicate time; individual parts are implicit.","","普通元素","已确认"
"101","","magma","岩浆","Magma","天地气象","nature","合成或展开","以地下岩石受热熔融为线索，土代表岩石材料。","Earth stands for rock heated until it melts beneath the surface.","","普通元素","已确认"
"102","","moss","苔藓","Moss","生命生态","life","合成或展开","湿润的树皮为苔藓生长提供基质；这是一种环境联系。","Damp bark provides a surface on which moss can grow.","","普通元素","已确认"
"103","","tools","工具","Tools","器物营造","craft","合成或展开","以石面锻打、打磨金属，形成可操作材料的工具。","Hammering and grinding metal against stone suggest tools for shaping materials.","","普通元素","已确认"
"104","","flowerpot","花盆","Flowerpot","器物营造","craft","合成或展开","木本植物与陶制容器组合，成为盆栽的容器意象。","A woody plant and a ceramic container suggest a pot for cultivation.","","普通元素","已确认"
"105","","liuli","琉璃","Liuli glass","材料工艺","materials","合成或展开","矿物原料经高温熔制形成琉璃，省略配料与冷却工序。","Mineral ingredients are melted at high temperature into decorative glass; mixing and cooling are implicit.","","普通元素","已确认"
"106","","bonsai","盆景","Bonsai","生命生态","life","合成或展开","将植株与山石组织于盆中，形成缩景艺术。","Plants and stones arranged in a tray become a miniature landscape.","","普通元素","已确认"
"107","","enamel","珐琅","Enamel","材料工艺","materials","合成或展开","陶瓷釉料与金属胎结合，经烧制得到珐琅表面。","A vitreous ceramic coating is fused onto a metal base to form enamel.","","普通元素","已确认"
"108","","mountain","山","Mountain","天地气象","nature","合成或展开","岩层构造与地形起伏构成山体，石与土代表其材料。","Rock layers and raised terrain suggest the structure of a mountain.","","普通元素","已确认"
"109","","ocean","海洋","Ocean","天地气象","nature","合成或展开","许多河流汇入海洋；两条河流代表汇聚的来水。","Rivers converge toward the ocean; the pair stands for many incoming flows.","","普通元素","已确认"
"110","","lake","湖泊","Lake","天地气象","nature","合成或展开","山间低洼地蓄积来水，形成湖泊的简化地形联系。","A depression between mountains holds incoming water as a lake.","","普通元素","已确认"
"111","","springwater","泉","Spring","天地气象","nature","合成或展开","地下水沿岩隙涌出，水与石相遇在泉口。","Groundwater emerges through cracks in rock at a spring.","","普通元素","已确认"
"112","","crystal","晶体","Crystal","材料工艺","materials","合成或展开","以岩石中的矿物晶体与冰的有序形态作类比。","Mineral crystals in rock and the ordered form of ice offer a structural analogy.","","普通元素","已确认"
"113","","salt","盐","Salt","材料工艺","materials","合成或展开","海水经蒸发结晶留下盐；火代表蒸发所需的热。","Evaporating seawater leaves salt crystals; fire stands for the heat supplied.","","普通元素","已确认"
"114","","iron","铁","Iron","材料工艺","materials","合成或展开","以磁性联系铁，表示金属材料中的一个分支。","Magnetism points to iron as one branch of metallic materials.","","普通元素","已确认"
"115","","steel","钢","Steel","材料工艺","materials","合成或展开","以铁与碳的冶炼关系联系钢，省略成分控制和工序。","Iron and carbon suggest steelmaking, with composition control and processing implicit.","","普通元素","已确认"
"116","","wire","导线","Wire","材料工艺","materials","合成或展开","把金属加工成线状，得到导电的线材。","Drawing metal into a thread-like shape produces conducting wire.","","普通元素","已确认"
"117","","knife","刀","Knife","器物营造","craft","合成或展开","金属经开刃与装柄，成为切割工具。","Metal shaped into a blade and fitted with a handle becomes a cutting tool.","","普通元素","已确认"
"118","","kiln","窑","Kiln","器物营造","craft","合成或展开","稳定容纳高温的烧制空间，使陶坯转为陶器。","An enclosed high-temperature chamber supports ceramic firing.","","普通元素","已确认"
"119","","brush","笔","Brush","器物营造","craft","合成或展开","纤维形成笔头，木材提供笔杆，合成可书写的工具。","Fibres form the tip and wood forms the handle of a writing brush.","","普通元素","已确认"
"120","","printing","印刷","Printing","信息计算","information","合成或展开","文字记录与复制工具相遇，把一本书的内容复制传播。","Written material and reproduction tools enable copies of a book to circulate.","","普通元素","已确认"
"121","","map","地图","Map","信息计算","information","合成或展开","把方向与位置记录在纸上，形成可阅读的空间表征。","Recording directions and positions on paper creates a readable spatial representation.","","普通元素","已确认"
"122","","telescope","望远镜","Telescope","器物营造","craft","合成或展开","透镜沿管筒排列，形成观察远处的光学器具。","Lenses arranged in a tube form an optical instrument for distant viewing.","","普通元素","已确认"
"123","","camera","相机","Camera","器物营造","craft","合成或展开","透镜成像与感光记录结合，形成数码相机的简化结构。","Image-forming optics and a light sensor suggest the structure of a digital camera.","","普通元素","已确认"
"124","","spectrum","光谱","Spectrum","信息计算","information","合成或展开","棱镜使不同波长的光按方向分开，呈现光谱。","A prism separates light by wavelength to reveal a spectrum.","","普通元素","已确认"
"125","","opticalfiber","光纤","Optical fibre","信息计算","information","合成或展开","玻璃被制成细长纤维，利用光的导引传递信息。","Glass drawn into a fine fibre can guide light to carry information.","","普通元素","已确认"
"126","","antenna","天线","Antenna","信息计算","information","合成或展开","导体形状与电磁信号相联系，形成接收或发射的天线。","A shaped conductor receives or transmits electromagnetic signals.","","普通元素","已确认"
"127","","radio","无线电","Radio","信息计算","information","合成或展开","天线与调谐电路协作，让无线信号成为可接收的信息。","An antenna and tuned circuits cooperate to receive radio signals.","","普通元素","已确认"
"128","","internet","互联网","Internet","信息计算","information","合成或展开","计算机接入相互连接的网络，形成跨网络的信息往来。","Computers join interconnected networks to exchange information across them.","","普通元素","已确认"
"129","","database","数据库","Database","信息计算","information","合成或展开","数据借助分类、存储与检索结构，形成可查询的数据库。","Data organised through storage, classification and retrieval becomes a queryable database.","","普通元素","已确认"
"130","","ai","人工智能","Artificial intelligence","信息计算","information","合成或展开","算法与数据结合，训练出执行特定任务的计算模型。","Algorithms and data train computational models to perform particular tasks.","","普通元素","已确认"
"131","","digitaltwin","数字孪生","Digital twin","信息计算","information","合成或展开","实物传感数据持续更新仿真模型，联系数字孪生的构建。","Sensor data updates a simulation model to link a physical object and its digital twin.","","普通元素","已确认"
"132","","leaf","叶","Leaf","生命生态","life","合成或展开","叶片与空气接触，为植物气体交换提供界面。","A leaf presents an interface between a plant and the surrounding air.","","普通元素","已确认"
"133","","photosynthesis","光合作用","Photosynthesis","生命生态","life","合成或展开","叶片接收光能，联系植物合成有机物的过程。","Leaves capture light energy in the process of making organic matter.","","普通元素","已确认"
"134","","oxygen","氧气","Oxygen","生命生态","life","合成或展开","以水参与的产氧光合作用为线索，联系释放的氧气。","Water participates in oxygenic photosynthesis, which releases oxygen.","","普通元素","已确认"
"135","","carboncycle","碳循环","Carbon cycle","生命生态","life","合成或展开","光合固定与代谢转化相联系，构成碳在生命活动中循环的线索。","Photosynthetic fixation and metabolic transformations connect steps in the carbon cycle.","","普通元素","已确认"
"136","","microbe","微生物","Microbe","生命生态","life","合成或展开","用显微镜观察土壤，联系其中丰富的微生物。","Microscopic observation of soil reveals its microbial inhabitants.","","普通元素","已确认"
"137","","fermentation","发酵","Fermentation","生命生态","life","合成或展开","微生物作用于谷物基质，形成发酵过程的线索。","Microorganisms act on a grain substrate in a fermentation process.","","普通元素","已确认"
"138","","compost","堆肥","Compost","生命生态","life","合成或展开","微生物分解植物残体，将有机材料转化为堆肥。","Microorganisms break down plant residues into compost.","","普通元素","已确认"
"139","","ecosystem","生态系统","Ecosystem","生命生态","life","合成或展开","森林与河流通过水、物质和生命活动联系，展现生态系统。","A forest and a river are linked by water, materials and living activity within an ecosystem.","","普通元素","已确认"
"140","","habitat","栖息地","Habitat","生命生态","life","合成或展开","把生态关系与居处作类比，理解生物生活所需的栖息环境。","An ecosystem and the idea of a dwelling suggest the environment in which organisms live.","","普通元素","已确认"
"141","","biodiversity","生物多样性","Biodiversity","生命生态","life","合成或展开","种子代表不同生命形式，生态系统为其相互联系提供背景。","Seeds stand for varied life forms linked within an ecosystem.","","普通元素","已确认"
"142","","human","人","Human","生命生态","life","合成或展开","生命体与心智活动相联系，指向人的生命经验。","An organism and mental life meet in human experience.","","普通元素","已确认"
"143","","cell","细胞","Cell","生命生态","life","合成或展开","在显微镜下观察叶片，认识组成植物组织的细胞。","Examining a leaf under a microscope reveals its constituent cells.","","普通元素","已确认"
"144","","tissue","组织","Tissue","生命生态","life","合成或展开","细胞通过排列和协作形成组织；数量之外还有结构关系。","Cells form tissues through arrangement and cooperation, adding structure to number.","","普通元素","已确认"
"145","","organ","器官","Organ","生命生态","life","合成或展开","组织按一定结构协作，形成执行相应任务的器官。","Tissues organised in a particular structure form an organ that performs particular tasks.","","普通元素","已确认"
"146","","organism","生命体","Organism","生命生态","life","合成或展开","器官经相互连接和协调，组成能够维持自身的生命体。","Interconnected and coordinated organs form a living organism that maintains itself.","","普通元素","已确认"
"147","","metabolism","代谢","Metabolism","生命生态","life","合成或展开","细胞对营养物质进行转化，联系生命维持所需的代谢活动。","Cells transform nutrients in the metabolic processes that sustain life.","","普通元素","已确认"
"148","","circulation","循环","Circulation","生命生态","life","合成或展开","以泵驱动液体的关系类比生命体中的循环系统。","A pump moving fluid offers an analogy for circulation within an organism.","","普通元素","已确认"
"149","","homeostasis","内稳态","Homeostasis","生命生态","life","合成或展开","生命体通过反馈调节，使内部条件保持在适宜范围。","Feedback regulation keeps an organism’s internal conditions within suitable ranges.","","普通元素","已确认"
"150","","qi","气","Qi","中医文化","tcm","合成或展开","从阴阳变化与生命节律的联系，表达气的运动与变化意象。","Yin–yang transformation and living rhythms suggest qi in movement and change.","","普通元素","已确认"
"151","","blood","血","Blood","中医文化","tcm","合成或展开","以液体在循环通路中运行联系血的传统与现代生命意象。","Fluid moving through a circulatory route suggests blood in traditional and modern images of life.","","普通元素","已确认"
"152","","essence","精","Essence","中医文化","tcm","合成或展开","以种子的蕴藏与气的变化，联系传统医学中精的文化概念。","A seed’s stored potential and the transformations of qi suggest the traditional concept of essence.","","普通元素","已确认"
"153","","spirit","神","Spirit","中医文化","tcm","合成或展开","由节律活动与气的联系，引出传统医学中神的生命活动意象。","Rhythmic activity and qi suggest the traditional image of shen as an aspect of living activity.","","普通元素","已确认"
"154","","meridian","经络","Meridian","中医文化","tcm","合成或展开","以网络中的联系和气的运行，表达经络的传统概念意象。","A network and the movement of qi provide an image of the traditional meridian concept.","","普通元素","已确认"
"155","","acupuncture","针刺","Acupuncture","中医文化","tcm","合成或展开","针具与经络概念相联系，指向针刺的文化与操作形象。","A needle and the meridian concept point to the cultural and procedural image of acupuncture.","","普通元素","已确认"
"156","","mugwort","艾草","Mugwort","中医文化","tcm","合成或展开","以药草的叶形与可制绒的纤维特征，联系艾草。","Herbal leaves and fibres that can be processed into moxa wool suggest mugwort.","","普通元素","已确认"
"157","","prescription","方剂","Prescription","中医文化","tcm","合成或展开","多味药草按配伍关系组织，形成方剂的文化概念。","Herbs arranged through traditional combination rules suggest a formula prescription.","","普通元素","已确认"
"158","","diagnosis","辨证","Pattern identification","中医文化","tcm","合成或展开","由人的表现与概念模型相联系，表达传统辨证的综合理解过程。","A person’s manifestations and a conceptual model suggest integrative pattern identification in Chinese medicine.","","普通元素","已确认"
"159","","pulse","脉象","Pulse pattern","中医文化","tcm","合成或展开","血的运行与节律相联系，成为观察脉象的文化线索。","Circulating blood and rhythm provide a cultural link to observing pulse patterns.","","普通元素","已确认"
"160","","yin-yang-balance","阴阳调和","Yin–yang harmony","中医文化","tcm","合成或展开","以阴阳相对相含与动态平衡联系调和的传统意象。","Complementary yin and yang meet dynamic balance in the traditional image of harmony.","","普通元素","已确认"
"161","","health","健康","Health","生命生态","life","合成或展开","内部维持与外部适应相联系，作为游戏中理解健康的一条线索。","Internal maintenance and external adaptation offer one game-level lens on health.","","普通元素","已确认"
"162","","prevention","未病先防","Prevention","中医文化","tcm","合成或展开","健康与对未来变化的预判相联系，表达提前维护的文化意象。","Health and anticipation of change suggest maintaining wellbeing before problems arise.","","普通元素","已确认"
"163","","connection","联系","Connection","系统科学","systems","合成或展开","信号在网络节点间往来，使联系成为可以观察的过程。","Signals travelling between network nodes make a connection observable.","","普通元素","已确认"
"164","","structure","结构","Structure","系统科学","systems","合成或展开","部件按一定关系配置，形成系统的结构。","Components arranged in particular relationships form a system’s structure.","","普通元素","已确认"
"165","","function","功能","Function","系统科学","systems","合成或展开","结构获得能量并参与作用，联系系统能够做什么。","A structure supplied with energy points to what a system can do.","","普通元素","已确认"
"166","","emergence","涌现","Emergence","系统科学","systems","合成或展开","协作中的整体获得可观察的功能，成为涌现的一种游戏意象。","Cooperation yielding an observable whole-level function offers an image of emergence.","","普通元素","已确认"
"167","","boundary","边界","Boundary","系统科学","systems","合成或展开","界限让系统与环境得以区分，也让跨界联系可以被观察。","A boundary distinguishes a system from its environment and makes exchanges visible.","","普通元素","已确认"
"168","","openness","开放性","Openness","系统科学","systems","合成或展开","流动穿越边界，体现系统与环境之间的交换。","Flow across a boundary represents exchanges between a system and its environment.","","普通元素","已确认"
"169","","adaptation","适应","Adaptation","系统科学","systems","合成或展开","反馈随环境变化调整系统的行为，联系适应过程。","Feedback adjusts a system’s behaviour as its environment changes.","","普通元素","已确认"
"170","","selforganization","自组织","Self-organisation","系统科学","systems","合成或展开","节点间的局部联系与协作，形成无需中央逐项安排的整体秩序意象。","Local connections and cooperation suggest an overall pattern without central step-by-step arrangement.","","普通元素","已确认"
"171","","cooperation","协作","Cooperation","系统科学","systems","合成或展开","多个部件经联系配合，形成协作的组织关系。","Connected components coordinate their actions in a cooperative arrangement.","","普通元素","已确认"
"172","","hierarchy","层次","Hierarchy","系统科学","systems","合成或展开","系统可以分为相互联系的子系统，形成多个组织层次。","A system can contain interconnected subsystems at several levels of organisation.","","普通元素","已确认"
"173","","memory","记忆","Memory","信息计算","information","合成或展开","数据跨时间保存，使过去的信息能在以后再次使用。","Information retained across time can be used again, suggesting memory.","","普通元素","已确认"
"174","","resilience","韧性","Resilience","系统科学","systems","合成或展开","受到扰动后通过适应与调节维持或恢复组织，联系系统韧性。","Adaptation and regulation help a system maintain or recover organisation after disturbance.","","普通元素","已确认"
"175","","purpose","目标","Purpose","系统科学","systems","合成或展开","将模型中的期望状态作为控制的参照，形成目标导向。","A desired state in a model provides a reference for goal-directed control.","","普通元素","已确认"
"176","","energy","能量","Energy","能源动力","energy","合成或展开","热与电是能量转移的不同线索，用它们引出能量概念。","Heat and electricity offer different routes of energy transfer.","","普通元素","已确认"
"177","","flow","流","Flow","系统科学","systems","合成或展开","河道与管道以不同结构组织流动，联系抽象的流。","A river channel and a pipe organise movement in different ways, suggesting flow.","","普通元素","已确认"
"178","","environment","环境","Environment","天地气象","nature","合成或展开","从系统边界向外看，与系统发生联系的条件构成其环境。","Beyond a system’s boundary, interacting conditions form its environment.","","普通元素","已确认"
"179","","time","时间","Time","信息计算","information","合成或展开","时钟标记时刻，历法组织周期，两者提供记录时间的尺度。","Clocks mark moments and calendars organise cycles, providing scales for recording time.","","普通元素","已确认"
"180","","forecast","预测","Forecast","信息计算","information","合成或展开","用模型组织时间中的变化，推测尚未观测到的状态。","A model of change over time estimates states that have not yet been observed.","","普通元素","已确认"
"181","","nature","自然","Nature","天地气象","nature","合成或展开","生态关系与季节变化相联系，指向人所处的自然世界。","Ecological relationships and seasonal change point to the natural world in which people live.","","普通元素","已确认"
"182","","meta-wholeness","元整体原理","Meta-wholeness principle","七大原理","principles","终极合成","从太极的整体意象出发认识系统，并联系气、联系与开放性等已发现概念。","Begin with the whole represented by taiji to consider systems, alongside the collected concepts of qi, connection and openness.","","终极元素","已确认"
"183","","non-additivity","非加和原理","Non-additivity principle","七大原理","principles","终极合成","部件建立联系后出现整体功能，以此走进非加和原理。","Parts acquire a whole-level function through relationships, opening the non-additivity principle.","","终极元素","已确认"
"184","","nature-human","天生人原理","Nature–human genesis principle","七大原理","principles","终极合成","从自然的变化与人的生命过程相联系，进入天生人原理。","Connect natural change with human living processes as an entry to the principle.","","终极元素","已确认"
"185","","autonomy-principle","自主性原理","Autonomy principle","七大原理","principles","终极合成","生命体的维持、调节与自组织相联系，形成自主性的观察入口。","Self-maintenance, regulation and self-organisation provide a lens on autonomy.","","终极元素","已确认"
"186","","order-principle","有序性原理","Orderedness principle","七大原理","principles","终极合成","时间节律与组织层次相互联系，体现系统有序的不同方面。","Temporal rhythm and organisational levels illuminate different aspects of order.","","终极元素","已确认"
"187","","organicity-principle","有机性原理","Organicity principle","七大原理","principles","终极合成","从生命体中相互依存的联系，回看整体的有机组织。","Interdependent relationships within a living organism point to organic organisation.","","终极元素","已确认"
"188","","functionality-principle","功能性原理","Functionality principle","七大原理","principles","终极合成","把结构、活动与所实现的功能相联系，进入功能性原理。","Relate structure and activity to the functions realised, opening the functionality principle.","","终极元素","已确认"
"189","","neijing","黄帝内经","Huangdi Neijing","中医文化","tcm","终极合成","从典籍与阴阳、四时的主题联系，走入《黄帝内经》。配方表示阅读路径，不表示成书先后。","Connect books with yin–yang and the seasons to enter the Huangdi Neijing. This is a reading route, not a historical sequence.","","终极元素","已确认"
"190","","nanjing","难经","Nanjing","中医文化","tcm","终极合成","从《黄帝内经》与经络主题走入《难经》的问难与阐释。这里是文化阅读联系。","The Neijing and the meridian theme lead toward the questions and explanations of the Nanjing: a cultural reading connection.","","终极元素","已确认"
"191","","shanghan","伤寒杂病论","Shanghan Zabing Lun","中医文化","tcm","终极合成","从方剂、辨证与典籍的联系，向《伤寒杂病论》致意。配方不模拟书中诊疗。","Formula prescriptions, pattern identification and books form a tribute to the Shanghan Zabing Lun, without simulating its clinical content.","","终极元素","已确认"
"192","","shennong","神农本草经","Shennong Bencao Jing","中医文化","tcm","终极合成","从本草记录与草木蕴藏的文化意象，回望《神农本草经》。配方不表示两书的成书关系。","Materia medica records and the cultural image of plants’ stored potential lead back to the Shennong Bencao Jing, without asserting a historical derivation.","","终极元素","已确认"
"193","","inspection","望诊","Inspection","中医文化","tcm","合成或展开","以人的外在表现与可见信息相联系，表达望诊的观察意象。","A person’s visible manifestations suggest the observational image of inspection.","","普通元素","已确认"
"194","","listening","闻诊","Listening & smelling","中医文化","tcm","合成或展开","以声音、气息等可感知线索联系闻诊；这里只表达观察维度。","Sound, breath and other perceptible cues suggest listening and smelling as dimensions of observation.","","普通元素","已确认"
"195","","inquiry","问诊","Inquiry","中医文化","tcm","合成或展开","交流与记录让人的经历进入观察范围，形成问诊的文化线索。","Conversation and records bring a person’s experience into observation, suggesting inquiry.","","普通元素","已确认"
"196","","palpation","脉诊","Pulse examination","中医文化","tcm","合成或展开","以人的脉象与接触观察相联系，表达脉诊的文化意象。","A person’s pulse and observation through touch suggest the cultural image of pulse examination.","","普通元素","已确认"
"197","","four-examinations","四诊合参","Four examinations together","中医文化","tcm","终极合成","将望诊、闻诊、问诊、脉诊的信息相互参照，形成四诊合参的文化意象。","Bring inspection, listening and smelling, inquiry, and pulse examination into mutual consideration as a cultural image of the four examinations together.","","终极元素","已确认"
"198","","jin","津","Jin fluids","中医文化","tcm","合成或展开","以水与气的流行意象，联系传统医学中的津；作为游戏中的文化联系。","Water and the traditional image of qi in movement suggest jin fluids. A cultural connection in the game.","","普通元素","已确认"
"199","","ye","液","Ye fluids","中医文化","tcm","合成或展开","以水与精的蕴藏意象，联系传统医学中的液；作为游戏中的文化联系。","Water and the traditional image of stored essence suggest ye fluids. A cultural connection in the game.","","普通元素","已确认"
"200","","six-foundations","精气血津液神","Essence, qi, blood, fluids & spirit","中医文化","tcm","终极合成","精、气、血、津、液、神在同一收藏中相遇，形成传统生命概念的关系图。这里的合成表达相互联系，不给出医学转化机制。","Essence, qi, blood, jin fluids, ye fluids and spirit meet in one collection of traditional life concepts. The recipe expresses relationships rather than medical conversion mechanisms.","","终极元素","已确认"
"201","","mercury","汞","Mercury","材料工艺","materials","合成或展开","金属与水的流动外形相联系，作为液态金属汞的文化造物意象；不表示由水制取汞。","Metal and the flowing form of water suggest mercury as a liquid metal; the recipe does not describe producing mercury from water.","","普通元素","已确认"
"202","","machine-learning","机器学习","Machine learning","信息计算","information","合成或展开","计算机利用反馈调整学习过程，形成机器学习的简化联系。并非所有反馈计算都是机器学习。","A computer uses feedback to adjust a learning process, a simplified connection to machine learning; not every feedback computation is machine learning.","","普通元素","已确认"
"203","","fortress","堡垒","Fortress","器物营造","craft","合成或展开","砖石加强房屋的围护与防守结构，形成堡垒的简化营造意象。","Brickwork reinforces the enclosing and defensive structure of a building, suggesting a fortress.","","普通元素","已确认"
"204","","doctor","医生","Doctor","中医文化","tcm","合成或展开","人通过学习医学与辨证等专业训练成为医生；这里只概括职业成长的文化意象。","A person studying medicine and undertaking professional training becomes a doctor; this is a cultural image of professional development.","","普通元素","已确认"